Workbook

Sheet Dual Strip
A1: Date | B1: UserId | C1: SampleType | D1: StripType | E1: Ctrl(L) Intensity | F1: FluA Intensity | G1: RSV Intensity | H1: Ctrl(R) Intensity | I1: FluB Intensity | J1: AdV Intensity | K1: CoV Intensity | L1: FluA Result | M1: RSV Result | N1: FluB Result | O1: AdV Result | P1: CoV Result | Q1: CaptureImage
A2: 2026-10-13 09:12:05 | B2: S001 | C2: Nasal | D2: Dual | E2: 2.8 | F2: 3.4 | G2: 0.2 | H2: 2.6 | I2: 0.1 | J2: 0.3 | K2: 0.2 | L2: =IF(E2<Notes!$B$4,"Invalid",IF(F2>=Notes!$B$3,"Positive","Negative")) | M2: =IF(E2<Notes!$B$4,"Invalid",IF(G2>=Notes!$B$3,"Positive","Negative")) | N2: =IF(H2<Notes!$B$4,"Invalid",IF(I2>=Notes!$B$3,"Positive","Negative")) | O2: =IF(H2<Notes!$B$4,"Invalid",IF(J2>=Notes!$B$3,"Positive","Negative")) | P2: =IF(H2<Notes!$B$4,"Invalid",IF(K2>=Notes!$B$3,"Positive","Negative")) | Q2: images/mark4_capture_20261013_001.jpg
A3: 2026-10-13 09:25:41 | B3: S002 | C3: Nasal | D3: Dual | E3: 2.5 | F3: 0.2 | G3: 2.9 | H3: 2.7 | I3: 0.1 | J3: 0.2 | K3: 0.3 | L3: =IF(E3<Notes!$B$4,"Invalid",IF(F3>=Notes!$B$3,"Positive","Negative")) | M3: =IF(E3<Notes!$B$4,"Invalid",IF(G3>=Notes!$B$3,"Positive","Negative")) | N3: =IF(H3<Notes!$B$4,"Invalid",IF(I3>=Notes!$B$3,"Positive","Negative")) | O3: =IF(H3<Notes!$B$4,"Invalid",IF(J3>=Notes!$B$3,"Positive","Negative")) | P3: =IF(H3<Notes!$B$4,"Invalid",IF(K3>=Notes!$B$3,"Positive","Negative")) | Q3: images/mark4_capture_20261013_002.jpg
A4: 2026-10-13 09:40:18 | B4: S003 | C4: Saliva | D4: Dual | E4: 2.9 | F4: 0.3 | G4: 0.1 | H4: 2.4 | I4: 3.1 | J4: 0.2 | K4: 0.1 | L4: =IF(E4<Notes!$B$4,"Invalid",IF(F4>=Notes!$B$3,"Positive","Negative")) | M4: =IF(E4<Notes!$B$4,"Invalid",IF(G4>=Notes!$B$3,"Positive","Negative")) | N4: =IF(H4<Notes!$B$4,"Invalid",IF(I4>=Notes!$B$3,"Positive","Negative")) | O4: =IF(H4<Notes!$B$4,"Invalid",IF(J4>=Notes!$B$3,"Positive","Negative")) | P4: =IF(H4<Notes!$B$4,"Invalid",IF(K4>=Notes!$B$3,"Positive","Negative")) | Q4: images/mark4_capture_20261013_003.jpg
A5: 2026-10-13 10:03:27 | B5: S004 | C5: Saliva | D5: Dual | E5: 2.6 | F5: 0.1 | G5: 0.2 | H5: 2.8 | I5: 0.2 | J5: 2.7 | K5: 0.3 | L5: =IF(E5<Notes!$B$4,"Invalid",IF(F5>=Notes!$B$3,"Positive","Negative")) | M5: =IF(E5<Notes!$B$4,"Invalid",IF(G5>=Notes!$B$3,"Positive","Negative")) | N5: =IF(H5<Notes!$B$4,"Invalid",IF(I5>=Notes!$B$3,"Positive","Negative")) | O5: =IF(H5<Notes!$B$4,"Invalid",IF(J5>=Notes!$B$3,"Positive","Negative")) | P5: =IF(H5<Notes!$B$4,"Invalid",IF(K5>=Notes!$B$3,"Positive","Negative")) | Q5: images/mark4_capture_20261013_004.jpg
A6: 2026-10-13 10:18:52 | B6: S005 | C6: Nasal | D6: Dual | E6: 2.7 | F6: 0.2 | G6: 0.1 | H6: 2.5 | I6: 0.1 | J6: 0.2 | K6: 3.6 | L6: =IF(E6<Notes!$B$4,"Invalid",IF(F6>=Notes!$B$3,"Positive","Negative")) | M6: =IF(E6<Notes!$B$4,"Invalid",IF(G6>=Notes!$B$3,"Positive","Negative")) | N6: =IF(H6<Notes!$B$4,"Invalid",IF(I6>=Notes!$B$3,"Positive","Negative")) | O6: =IF(H6<Notes!$B$4,"Invalid",IF(J6>=Notes!$B$3,"Positive","Negative")) | P6: =IF(H6<Notes!$B$4,"Invalid",IF(K6>=Notes!$B$3,"Positive","Negative")) | Q6: images/mark4_capture_20261013_005.jpg
A7: 2026-10-13 10:35:09 | B7: S006 | C7: Nasal | D7: Dual | E7: 2.8 | F7: 0.2 | G7: 0.1 | H7: 2.6 | I7: 0.1 | J7: 0.2 | K7: 0.1 | L7: =IF(E7<Notes!$B$4,"Invalid",IF(F7>=Notes!$B$3,"Positive","Negative")) | M7: =IF(E7<Notes!$B$4,"Invalid",IF(G7>=Notes!$B$3,"Positive","Negative")) | N7: =IF(H7<Notes!$B$4,"Invalid",IF(I7>=Notes!$B$3,"Positive","Negative")) | O7: =IF(H7<Notes!$B$4,"Invalid",IF(J7>=Notes!$B$3,"Positive","Negative")) | P7: =IF(H7<Notes!$B$4,"Invalid",IF(K7>=Notes!$B$3,"Positive","Negative")) | Q7: images/mark4_capture_20261013_006.jpg
A8: 2026-10-13 10:51:33 | B8: S007 | C8: Blood | D8: Dual | E8: 2.7 | F8: 0.2 | G8: 0.1 | H8: 0.3 | I8: 0.1 | J8: 0.2 | K8: 0.1 | L8: =IF(E8<Notes!$B$4,"Invalid",IF(F8>=Notes!$B$3,"Positive","Negative")) | M8: =IF(E8<Notes!$B$4,"Invalid",IF(G8>=Notes!$B$3,"Positive","Negative")) | N8: =IF(H8<Notes!$B$4,"Invalid",IF(I8>=Notes!$B$3,"Positive","Negative")) | O8: =IF(H8<Notes!$B$4,"Invalid",IF(J8>=Notes!$B$3,"Positive","Negative")) | P8: =IF(H8<Notes!$B$4,"Invalid",IF(K8>=Notes!$B$3,"Positive","Negative")) | Q8: images/mark4_capture_20261013_007.jpg

Sheet Notes
A1: Dual Strip export sample - notes
A3: Positive threshold (intensity vs LOD) | B3: 1 | C3: Sample value only. Real results should use the device 'detected' flags.
A4: Control valid threshold (intensity vs LOD) | B4: 1 | C4: Sample value only. Ctrl below this -> that strip's results are Invalid.
A6: Line | B6: Strip | C6: Position (from top) | D6: Column in 'Dual Strip'
A7: Ctrl | B7: Left | C7: 2 mm | D7: Ctrl(L) Intensity
A8: FluA | B8: Left | C8: 5 mm | D8: FluA Intensity / FluA Result
A9: RSV | B9: Left | C9: 8 mm | D9: RSV Intensity / RSV Result
A10: Ctrl | B10: Right | C10: 2 mm | D10: Ctrl(R) Intensity
A11: FluB | B11: Right | C11: 5 mm | D11: FluB Intensity / FluB Result
A12: AdV | B12: Right | C12: 8 mm | D12: AdV Intensity / AdV Result
A13: CoV | B13: Right | C13: 11 mm | D13: CoV Intensity / CoV Result
A15: All values in 'Dual Strip' are arbitrary sample data for layout review.
A16: Line positions follow the strip diagram (Ctrl 2 mm, then 3 mm steps; total 13 mm).
